{
  "$schema": "https://developer.microsoft.com/json-schemas/fabric/item/report/definition/visualContainer/2.5.0/schema.json",
  "name": "8b28de19c330c6ee",
  "position": {
    "x": 5.9,
    "y": 390.31,
    "z": 1,
    "height": 334.08,
    "width": 1096.18,
    "tabOrder": 1
  },
  "visual": {
    "visualType": "tableEx",
    "query": {
      "queryState": {
        "Category": {
          "projections": [
            {
              "field": {
                "Column": {
                  "Expression": {
                    "SourceRef": {
                      "Entity": "Orders"
                    }
                  },
                  "Property": "Category"
                }
              },
              "queryRef": "Orders.Category",
              "nativeQueryRef": "Category",
              "active": true
            }
          ]
        },
        "Y": {
          "projections": [
            {
              "field": {
                "Aggregation": {
                  "Expression": {
                    "Column": {
                      "Expression": {
                        "SourceRef": {
                          "Entity": "Orders"
                        }
                      },
                      "Property": "Sales"
                    }
                  },
                  "Function": 0
                }
              },
              "queryRef": "Sum(Orders.Sales)",
              "nativeQueryRef": "Sum of Sales"
            }
          ]
        }
      }
    },
    "drillFilterOtherVisuals": true
  }
}