{
  "$schema": "https://developer.microsoft.com/json-schemas/fabric/item/report/definition/visualContainer/2.5.0/schema.json",
  "name": "7f1de47eb0c5388b",
  "position": {
    "x": 20,
    "y": 60,
    "z": 1,
    "height": 600,
    "width": 1240,
    "tabOrder": 1
  },
  "visual": {
    "visualType": "tableEx",
    "query": {
      "queryState": {
        "Category": {
          "projections": [
            {
              "field": {
                "Column": {
                  "Expression": {
                    "SourceRef": {
                      "Entity": "Sample - Superstore"
                    }
                  },
                  "Property": "City"
                }
              },
              "queryRef": "Sample - Superstore.City",
              "nativeQueryRef": "City",
              "active": true
            }
          ]
        },
        "Y": {
          "projections": [
            {
              "field": {
                "Aggregation": {
                  "Expression": {
                    "Column": {
                      "Expression": {
                        "SourceRef": {
                          "Entity": "Sample - Superstore"
                        }
                      },
                      "Property": "Sales"
                    }
                  },
                  "Function": 0
                }
              },
              "queryRef": "Sum(Sample - Superstore.Sales)",
              "nativeQueryRef": "Sum of Sales"
            }
          ]
        }
      }
    },
    "drillFilterOtherVisuals": true,
    "autoSelectVisualType": true,
    "objects": {
      "title": [
        {
          "properties": {
            "text": {
              "expr": {
                "Literal": {
                  "Value": "'Tooltip: Profit Ratio by City'"
                }
              }
            },
            "show": {
              "expr": {
                "Literal": {
                  "Value": "true"
                }
              }
            }
          }
        }
      ]
    }
  }
}