{
  "$schema": "https://developer.microsoft.com/json-schemas/fabric/item/report/definition/visualContainer/2.5.0/schema.json",
  "name": "e27d65cb3551b52a",
  "position": {
    "x": 643.37,
    "y": 142.23,
    "z": 2,
    "height": 435.79,
    "width": 611.33,
    "tabOrder": 2
  },
  "visual": {
    "visualType": "tableEx",
    "query": {
      "queryState": {
        "Values": {
          "projections": [
            {
              "field": {
                "Column": {
                  "Expression": {
                    "SourceRef": {
                      "Entity": "Sales Commission"
                    }
                  },
                  "Property": "Sales Person"
                }
              },
              "queryRef": "Sales Commission.Sales Person",
              "nativeQueryRef": "Sales Person"
            },
            {
              "field": {
                "Column": {
                  "Expression": {
                    "SourceRef": {
                      "Entity": "Sales Commission"
                    }
                  },
                  "Property": "Commission (Variable)"
                }
              },
              "queryRef": "Sales Commission.Commission (Variable)",
              "nativeQueryRef": "Commission (Variable)"
            }
          ]
        }
      }
    },
    "drillFilterOtherVisuals": true
  }
}