{
  "version": "1.1.0",
  "diagrams": [
    {
      "ordinal": 0,
      "scrollPosition": {
        "x": 0,
        "y": 0
      },
      "nodes": [
        {
          "location": {
            "x": 0,
            "y": 0
          },
          "nodeIndex": "Orders",
          "nodeLineageTag": "3a9fffdb-d2f7-42e8-a770-1aae2c2ba02e",
          "size": {
            "height": 300,
            "width": 234
          },
          "zIndex": 0
        },
        {
          "location": {
            "x": 284,
            "y": 38
          },
          "nodeIndex": "Parameters",
          "nodeLineageTag": "bae62f4e-ba77-4d1f-91e6-b7cd1b438e3c",
          "size": {
            "height": 224,
            "width": 234
          },
          "zIndex": 0
        },
        {
          "location": {
            "x": 568,
            "y": 0
          },
          "nodeIndex": "Sales Commission",
          "nodeLineageTag": "14a5deb2-6372-4208-8ed8-2d5b190778c0",
          "size": {
            "height": 300,
            "width": 234
          },
          "zIndex": 0
        },
        {
          "location": {
            "x": 852,
            "y": 62
          },
          "nodeIndex": "Sales Target",
          "nodeLineageTag": "742a1554-e728-4fcc-9925-c5c84b6cbeff",
          "size": {
            "height": 176,
            "width": 234
          },
          "zIndex": 0
        }
      ],
      "name": "All tables",
      "zoomValue": 100,
      "pinKeyFieldsToTop": false,
      "showExtraHeaderInfo": false,
      "hideKeyFieldsWhenCollapsed": false,
      "tablesLocked": false
    }
  ],
  "selectedDiagram": "All tables",
  "defaultDiagram": "All tables"
}