{
  "$schema": "https://developer.microsoft.com/json-schemas/fabric/item/report/definition/visualContainer/2.5.0/schema.json",
  "name": "cd34ef56ab7890cd",
  "position": {
    "x": 20,
    "y": 140,
    "z": 3,
    "height": 240,
    "width": 1240,
    "tabOrder": 3
  },
  "visual": {
    "visualType": "filledMap",
    "query": {
      "queryState": {
        "Location": {
          "projections": [
            {
              "field": {
                "Column": {
                  "Expression": {
                    "SourceRef": {
                      "Entity": "Orders"
                    }
                  },
                  "Property": "City"
                }
              },
              "queryRef": "Orders.City",
              "nativeQueryRef": "City",
              "active": true
            }
          ]
        },
        "Size": {
          "projections": [
            {
              "field": {
                "Measure": {
                  "Expression": {
                    "SourceRef": {
                      "Entity": "Orders"
                    }
                  },
                  "Property": "Profit Ratio"
                }
              },
              "queryRef": "Orders.Profit Ratio",
              "nativeQueryRef": "Profit Ratio"
            }
          ]
        }
      }
    },
    "drillFilterOtherVisuals": true
  },
  "filterConfig": {
    "filters": [
      {
        "name": "map_location_filter",
        "field": {
          "Column": {
            "Expression": {
              "SourceRef": {
                "Entity": "Orders"
              }
            },
            "Property": "State/Province"
          }
        },
        "type": "Categorical"
      },
      {
        "name": "map_profit_filter",
        "field": {
          "Aggregation": {
            "Expression": {
              "Column": {
                "Expression": {
                  "SourceRef": {
                    "Entity": "Orders"
                  }
                },
                "Property": "Profit"
              }
            },
            "Function": 0
          }
        },
        "type": "Advanced"
      }
    ]
  }
}