{
  "$schema": "https://developer.microsoft.com/json-schemas/fabric/item/report/definition/visualContainer/2.5.0/schema.json",
  "name": "76e34d01db74b68d3f30",
  "position": {
    "x": 544.04188278636866,
    "y": 174.72877987299432,
    "z": 0,
    "height": 279.96315866013862,
    "width": 279.96315866013862,
    "tabOrder": 0
  },
  "visual": {
    "visualType": "columnChart",
    "query": {
      "queryState": {
        "Category": {
          "projections": [
            {
              "field": {
                "Column": {
                  "Expression": {
                    "SourceRef": {
                      "Entity": "Table"
                    }
                  },
                  "Property": "Category"
                }
              },
              "queryRef": "Table.Category",
              "nativeQueryRef": "Category",
              "active": true
            }
          ]
        },
        "Y": {
          "projections": [
            {
              "field": {
                "Aggregation": {
                  "Expression": {
                    "Column": {
                      "Expression": {
                        "SourceRef": {
                          "Entity": "Table"
                        }
                      },
                      "Property": "Sales target"
                    }
                  },
                  "Function": 0
                }
              },
              "queryRef": "Sum(Table.Sales target)",
              "nativeQueryRef": "Sum of Sales target"
            },
            {
              "field": {
                "Aggregation": {
                  "Expression": {
                    "Column": {
                      "Expression": {
                        "SourceRef": {
                          "Entity": "Table"
                        }
                      },
                      "Property": "Segment"
                    }
                  },
                  "Function": 0
                }
              },
              "queryRef": "Sum(Table.Segment)",
              "nativeQueryRef": "Sum of Segment"
            }
          ]
        }
      },
      "sortDefinition": {
        "sort": [
          {
            "field": {
              "Aggregation": {
                "Expression": {
                  "Column": {
                    "Expression": {
                      "SourceRef": {
                        "Entity": "Table"
                      }
                    },
                    "Property": "Sales target"
                  }
                },
                "Function": 0
              }
            },
            "direction": "Descending"
          }
        ],
        "isDefaultSort": true
      }
    },
    "drillFilterOtherVisuals": true
  },
  "filterConfig": {
    "filters": [
      {
        "name": "6211f92b1fbb0354c803",
        "field": {
          "Aggregation": {
            "Expression": {
              "Column": {
                "Expression": {
                  "SourceRef": {
                    "Entity": "Table"
                  }
                },
                "Property": "Sales target"
              }
            },
            "Function": 0
          }
        },
        "type": "Advanced"
      },
      {
        "name": "e13b47a956e006c3b32a",
        "field": {
          "Aggregation": {
            "Expression": {
              "Column": {
                "Expression": {
                  "SourceRef": {
                    "Entity": "Table"
                  }
                },
                "Property": "Segment"
              }
            },
            "Function": 0
          }
        },
        "type": "Advanced"
      },
      {
        "name": "590dff60e3f1a128f89a",
        "field": {
          "Column": {
            "Expression": {
              "SourceRef": {
                "Entity": "Table"
              }
            },
            "Property": "Category"
          }
        },
        "type": "Categorical"
      }
    ]
  }
}