{
  "$schema": "https://developer.microsoft.com/json-schemas/fabric/item/report/definition/visualContainer/2.5.0/schema.json",
  "name": "5c90e8b318980f413a25",
  "position": {
    "x": 0,
    "y": 0,
    "z": 4,
    "height": 40,
    "width": 1280,
    "tabOrder": 4
  },
  "visual": {
    "visualType": "textbox",
    "objects": {
      "general": [
        {
          "properties": {
            "paragraphs": [
              {
                "textRuns": [
                  {
                    "value": "Executive Overview - Profitability (All)",
                    "textStyle": {
                      "fontWeight": "bold",
                      "fontSize": "20pt"
                    }
                  }
                ]
              },
              {
                "textRuns": [
                  {
                    "value": ""
                  }
                ]
              }
            ]
          }
        }
      ]
    },
    "drillFilterOtherVisuals": true
  }
}