{
  "$schema": "https://developer.microsoft.com/json-schemas/fabric/item/report/definition/visualContainer/2.5.0/schema.json",
  "name": "98053059a9dbf994",
  "position": {
    "x": 0,
    "y": 479.15,
    "z": 1,
    "height": 121.92,
    "width": 1280,
    "tabOrder": 1
  },
  "visual": {
    "visualType": "tableEx",
    "autoSelectVisualType": true,
    "query": {
      "queryState": {
        "Category": {
          "projections": [
            {
              "field": {
                "Column": {
                  "Expression": {
                    "SourceRef": {
                      "Entity": "Sales Commission"
                    }
                  },
                  "Property": "Category"
                }
              },
              "queryRef": "Sales Commission.Category",
              "nativeQueryRef": "Category",
              "active": true
            }
          ]
        },
        "Y": {
          "projections": [
            {
              "field": {
                "Aggregation": {
                  "Expression": {
                    "Column": {
                      "Expression": {
                        "SourceRef": {
                          "Entity": "Sales Commission"
                        }
                      },
                      "Property": "Sales"
                    }
                  },
                  "Function": 0
                }
              },
              "queryRef": "Sum(Sales Commission.Sales)",
              "nativeQueryRef": "Sum of Sales"
            }
          ]
        }
      }
    },
    "drillFilterOtherVisuals": true
  }
}