{
  "$schema": "https://developer.microsoft.com/json-schemas/fabric/item/report/definition/visualContainer/2.5.0/schema.json",
  "name": "90c937a38b28c3af",
  "position": {
    "x": 24,
    "y": 48,
    "z": 5,
    "height": 40,
    "width": 1232,
    "tabOrder": 5
  },
  "visual": {
    "visualType": "slicer",
    "query": {
      "queryState": {
        "Values": {
          "projections": [
            {
              "field": {
                "Column": {
                  "Expression": {
                    "SourceRef": {
                      "Entity": "Sales Target"
                    }
                  },
                  "Property": "Category"
                }
              },
              "queryRef": "Sales Target.Category",
              "nativeQueryRef": "Category",
              "active": true
            }
          ]
        }
      }
    },
    "drillFilterOtherVisuals": true,
    "autoSelectVisualType": true
  }
}