{
  "$schema": "https://developer.microsoft.com/json-schemas/fabric/item/report/definition/visualContainer/2.5.0/schema.json",
  "name": "seg_label_home_office",
  "position": {
    "x": 14.177215189873417,
    "y": 640,
    "z": 10,
    "height": 44.556962025316452,
    "width": 60.759493670886073,
    "tabOrder": 0
  },
  "visual": {
    "visualType": "textbox",
    "objects": {
      "general": [
        {
          "properties": {
            "paragraphs": [
              {
                "textRuns": [
                  {
                    "value": "Home",
                    "textStyle": {
                      "fontSize": "10pt"
                    }
                  }
                ]
              },
              {
                "textRuns": [
                  {
                    "value": " Office",
                    "textStyle": {
                      "fontSize": "10pt"
                    }
                  }
                ]
              }
            ]
          }
        }
      ]
    },
    "drillFilterOtherVisuals": true
  }
}