{
  "$schema": "https://developer.microsoft.com/json-schemas/fabric/item/report/definition/visualContainer/2.5.0/schema.json",
  "name": "eefcaa60db9c6ff5",
  "position": {
    "x": 24,
    "y": 112,
    "z": 6,
    "height": 40,
    "width": 1232,
    "tabOrder": 6
  },
  "visual": {
    "visualType": "slicer",
    "query": {
      "queryState": {
        "Values": {
          "projections": [
            {
              "field": {
                "Column": {
                  "Expression": {
                    "SourceRef": {
                      "Entity": "Sales Target"
                    }
                  },
                  "Property": "Segment"
                }
              },
              "queryRef": "Sales Target.Segment",
              "nativeQueryRef": "Segment",
              "active": true
            }
          ]
        }
      }
    },
    "drillFilterOtherVisuals": true,
    "autoSelectVisualType": true
  }
}