{
  "$schema": "https://developer.microsoft.com/json-schemas/fabric/item/report/definition/visualContainer/2.5.0/schema.json",
  "name": "73cda6d4445e9081",
  "position": {
    "x": 6,
    "y": 36,
    "z": 7,
    "height": 51,
    "width": 593,
    "tabOrder": 7
  },
  "visual": {
    "visualType": "slicer",
    "query": {
      "queryState": {
        "Values": {
          "projections": [
            {
              "field": {
                "Column": {
                  "Expression": {
                    "SourceRef": {
                      "Entity": "Sales Target"
                    }
                  },
                  "Property": "Order Date"
                }
              },
              "queryRef": "Sales Target.Order Date",
              "nativeQueryRef": "Order Date",
              "active": true
            }
          ]
        }
      }
    },
    "drillFilterOtherVisuals": true,
    "autoSelectVisualType": true
  }
}