{
  "$schema": "https://developer.microsoft.com/json-schemas/fabric/item/report/definition/visualContainer/2.5.0/schema.json",
  "name": "b5e5f9009cd0de83",
  "position": {
    "x": 5.9,
    "y": 72.98,
    "z": 3,
    "height": 46,
    "width": 260,
    "tabOrder": 3
  },
  "visual": {
    "visualType": "card",
    "autoSelectVisualType": true,
    "query": {
      "queryState": {
        "Values": {
          "projections": [
            {
              "field": {
                "Column": {
                  "Expression": {
                    "SourceRef": {
                      "Entity": "Sample - Superstore"
                    }
                  },
                  "Property": "Sales"
                }
              },
              "queryRef": "Sample - Superstore.Sales",
              "nativeQueryRef": "Sales"
            }
          ]
        }
      }
    },
    "drillFilterOtherVisuals": true
  }
}