{
  "$schema": "https://developer.microsoft.com/json-schemas/fabric/item/report/definition/visualContainer/2.3.0/schema.json",
  "name": "a5b6c7d8e9f0a1b2",
  "position": {
    "x": 985.21343283582087,
    "y": 50.188059701492534,
    "z": 0,
    "height": 89.465671641791047,
    "width": 199.66119402985075
  },
  "visual": {
    "visualType": "card",
    "autoSelectVisualType": true,
    "query": {
      "queryState": {
        "Values": {
          "projections": [
            {
              "field": {
                "Measure": {
                  "Expression": {
                    "SourceRef": {
                      "Entity": "Orders"
                    }
                  },
                  "Property": "Avg Discount"
                }
              },
              "queryRef": "Orders.Avg Discount",
              "nativeQueryRef": "Avg Discount"
            }
          ]
        }
      }
    },
    "drillFilterOtherVisuals": true
  },
  "filterConfig": {
    "filters": [
      {
        "name": "950db6982b2087942e80",
        "field": {
          "Measure": {
            "Expression": {
              "SourceRef": {
                "Entity": "Orders"
              }
            },
            "Property": "Avg Discount"
          }
        },
        "type": "Advanced"
      }
    ]
  }
}