{
  "$schema": "https://developer.microsoft.com/json-schemas/fabric/item/report/definition/visualContainer/2.3.0/schema.json",
  "name": "product_sales_profit",
  "position": {
    "x": 138.56268656716418,
    "y": 425.50746268656718,
    "z": 2,
    "height": 296.76417910447759,
    "width": 1134.686567164179,
    "tabOrder": 2
  },
  "visual": {
    "visualType": "scatterChart",
    "query": {
      "queryState": {
        "Details": {
          "projections": [
            {
              "field": {
                "Column": {
                  "Expression": {
                    "SourceRef": {
                      "Entity": "Orders"
                    }
                  },
                  "Property": "Product Name"
                }
              },
              "queryRef": "Orders.Product Name",
              "nativeQueryRef": "Product Name"
            }
          ]
        },
        "Legend": {
          "projections": [
            {
              "field": {
                "Column": {
                  "Expression": {
                    "SourceRef": {
                      "Entity": "Orders"
                    }
                  },
                  "Property": "Segment"
                }
              },
              "queryRef": "Orders.Segment",
              "nativeQueryRef": "Segment"
            }
          ]
        },
        "Tooltips": {
          "projections": [
            {
              "field": {
                "Measure": {
                  "Expression": {
                    "SourceRef": {
                      "Entity": "Orders"
                    }
                  },
                  "Property": "Profit Ratio"
                }
              },
              "queryRef": "Orders.Profit Ratio",
              "nativeQueryRef": "Profit Ratio"
            }
          ]
        },
        "X": {
          "projections": [
            {
              "field": {
                "Aggregation": {
                  "Expression": {
                    "Column": {
                      "Expression": {
                        "SourceRef": {
                          "Entity": "Orders"
                        }
                      },
                      "Property": "Sales"
                    }
                  },
                  "Function": 0
                }
              },
              "queryRef": "Sum(Orders.Sales)",
              "nativeQueryRef": "Sum of Sales",
              "active": true
            }
          ]
        },
        "Y": {
          "projections": [
            {
              "field": {
                "Aggregation": {
                  "Expression": {
                    "Column": {
                      "Expression": {
                        "SourceRef": {
                          "Entity": "Orders"
                        }
                      },
                      "Property": "Profit"
                    }
                  },
                  "Function": 0
                }
              },
              "queryRef": "Sum(Orders.Profit)",
              "nativeQueryRef": "Sum of Profit"
            }
          ]
        }
      }
    },
    "objects": {
      "dataPoint": [
        {
          "properties": {
            "fill": {
              "solid": {
                "color": {
                  "expr": {
                    "Literal": {
                      "Value": "'#4e79a7'"
                    }
                  }
                }
              }
            }
          },
          "selector": {
            "data": [
              {
                "scopeId": {
                  "Comparison": {
                    "ComparisonKind": 0,
                    "Left": {
                      "Column": {
                        "Expression": {
                          "SourceRef": {
                            "Entity": "Orders"
                          }
                        },
                        "Property": "Segment"
                      }
                    },
                    "Right": {
                      "Literal": {
                        "Value": "'Consumer'"
                      }
                    }
                  }
                }
              }
            ]
          }
        },
        {
          "properties": {
            "fill": {
              "solid": {
                "color": {
                  "expr": {
                    "Literal": {
                      "Value": "'#f28e2b'"
                    }
                  }
                }
              }
            }
          },
          "selector": {
            "data": [
              {
                "scopeId": {
                  "Comparison": {
                    "ComparisonKind": 0,
                    "Left": {
                      "Column": {
                        "Expression": {
                          "SourceRef": {
                            "Entity": "Orders"
                          }
                        },
                        "Property": "Segment"
                      }
                    },
                    "Right": {
                      "Literal": {
                        "Value": "'Corporate'"
                      }
                    }
                  }
                }
              }
            ]
          }
        },
        {
          "properties": {
            "fill": {
              "solid": {
                "color": {
                  "expr": {
                    "Literal": {
                      "Value": "'#59a14f'"
                    }
                  }
                }
              }
            }
          },
          "selector": {
            "data": [
              {
                "scopeId": {
                  "Comparison": {
                    "ComparisonKind": 0,
                    "Left": {
                      "Column": {
                        "Expression": {
                          "SourceRef": {
                            "Entity": "Orders"
                          }
                        },
                        "Property": "Segment"
                      }
                    },
                    "Right": {
                      "Literal": {
                        "Value": "'Home Office'"
                      }
                    }
                  }
                }
              }
            ]
          }
        }
      ]
    },
    "visualContainerObjects": {
      "title": [
        {
          "properties": {
            "show": {
              "expr": {
                "Literal": {
                  "Value": "false"
                }
              }
            }
          }
        }
      ],
      "subTitle": [
        {
          "properties": {
            "show": {
              "expr": {
                "Literal": {
                  "Value": "false"
                }
              }
            }
          }
        }
      ]
    },
    "drillFilterOtherVisuals": true
  },
  "filterConfig": {
    "filters": [
      {
        "name": "product_order_date_range",
        "displayName": "Order Date",
        "field": {
          "Column": {
            "Expression": {
              "SourceRef": {
                "Entity": "Orders"
              }
            },
            "Property": "Order Date"
          }
        },
        "type": "Advanced",
        "howCreated": "User"
      },
      {
        "name": "a179ea447855c01c273a",
        "field": {
          "Aggregation": {
            "Expression": {
              "Column": {
                "Expression": {
                  "SourceRef": {
                    "Entity": "Orders"
                  }
                },
                "Property": "Sales"
              }
            },
            "Function": 0
          }
        },
        "type": "Advanced"
      },
      {
        "name": "322a86b429ffee0d41b1",
        "field": {
          "Aggregation": {
            "Expression": {
              "Column": {
                "Expression": {
                  "SourceRef": {
                    "Entity": "Orders"
                  }
                },
                "Property": "Profit"
              }
            },
            "Function": 0
          }
        },
        "type": "Advanced"
      },
      {
        "name": "d84f66b6df48cc86985a",
        "field": {
          "Column": {
            "Expression": {
              "SourceRef": {
                "Entity": "Orders"
              }
            },
            "Property": "Product Name"
          }
        },
        "type": "Categorical"
      },
      {
        "name": "e17c95643823b1bf9818",
        "field": {
          "Column": {
            "Expression": {
              "SourceRef": {
                "Entity": "Orders"
              }
            },
            "Property": "Segment"
          }
        },
        "type": "Categorical"
      },
      {
        "name": "450f7b38b4aef4c187b0",
        "field": {
          "Measure": {
            "Expression": {
              "SourceRef": {
                "Entity": "Orders"
              }
            },
            "Property": "Profit Ratio"
          }
        },
        "type": "Advanced"
      }
    ]
  }
}