{
  "$schema": "https://developer.microsoft.com/json-schemas/fabric/item/report/definition/visualContainer/2.5.0/schema.json",
  "name": "8f8ee53e0d10f3ce",
  "position": {
    "x": 1130.89,
    "y": 51.28,
    "z": 12,
    "height": 36,
    "width": 160,
    "tabOrder": 12
  },
  "visual": {
    "visualType": "slicer",
    "query": {
      "queryState": {
        "Values": {
          "projections": [
            {
              "field": {
                "Column": {
                  "Expression": {
                    "SourceRef": {
                      "Entity": "Sample - Superstore"
                    }
                  },
                  "Property": "Segment"
                }
              },
              "queryRef": "Sample - Superstore.Segment",
              "nativeQueryRef": "Segment",
              "active": true
            }
          ]
        }
      }
    },
    "drillFilterOtherVisuals": true,
    "autoSelectVisualType": true
  }
}