{
  "$schema": "https://developer.microsoft.com/json-schemas/fabric/item/report/definition/visualContainer/2.5.0/schema.json",
  "name": "337eac681ab5e90b",
  "position": {
    "x": 7.59,
    "y": 199.29,
    "z": 1,
    "height": 523.44,
    "width": 561.58,
    "tabOrder": 1
  },
  "visual": {
    "visualType": "scatterChart",
    "query": {
      "queryState": {
        "Details": {
          "projections": [
            {
              "field": {
                "Column": {
                  "Expression": {
                    "SourceRef": {
                      "Entity": "Sample - Superstore"
                    }
                  },
                  "Property": "Customer Name"
                }
              },
              "queryRef": "Sample - Superstore.Customer Name",
              "nativeQueryRef": "Customer Name"
            }
          ]
        },
        "Legend": {
          "projections": [
            {
              "field": {
                "Column": {
                  "Expression": {
                    "SourceRef": {
                      "Entity": "Sample - Superstore"
                    }
                  },
                  "Property": "Segment"
                }
              },
              "queryRef": "Sample - Superstore.Segment",
              "nativeQueryRef": "Segment"
            }
          ]
        },
        "X": {
          "projections": [
            {
              "field": {
                "Aggregation": {
                  "Expression": {
                    "Column": {
                      "Expression": {
                        "SourceRef": {
                          "Entity": "Sample - Superstore"
                        }
                      },
                      "Property": "Sales"
                    }
                  },
                  "Function": 0
                }
              },
              "queryRef": "Sum(Sample - Superstore.Sales)",
              "nativeQueryRef": "Sum of Sales",
              "active": true
            }
          ]
        },
        "Y": {
          "projections": [
            {
              "field": {
                "Aggregation": {
                  "Expression": {
                    "Column": {
                      "Expression": {
                        "SourceRef": {
                          "Entity": "Sample - Superstore"
                        }
                      },
                      "Property": "Profit"
                    }
                  },
                  "Function": 0
                }
              },
              "queryRef": "Sum(Sample - Superstore.Profit)",
              "nativeQueryRef": "Sum of Profit"
            }
          ]
        }
      }
    },
    "objects": {
      "dataPoint": [
        {
          "properties": {
            "fill": {
              "solid": {
                "color": {
                  "expr": {
                    "Literal": {
                      "Value": "'#4e79a7'"
                    }
                  }
                }
              }
            }
          },
          "selector": {
            "data": [
              {
                "scopeId": {
                  "Comparison": {
                    "ComparisonKind": 0,
                    "Left": {
                      "Column": {
                        "Expression": {
                          "SourceRef": {
                            "Entity": "Orders"
                          }
                        },
                        "Property": "Profitability"
                      }
                    },
                    "Right": {
                      "Literal": {
                        "Value": "'Profitable'"
                      }
                    }
                  }
                }
              }
            ]
          }
        },
        {
          "properties": {
            "fill": {
              "solid": {
                "color": {
                  "expr": {
                    "Literal": {
                      "Value": "'#f28e2b'"
                    }
                  }
                }
              }
            }
          },
          "selector": {
            "data": [
              {
                "scopeId": {
                  "Comparison": {
                    "ComparisonKind": 0,
                    "Left": {
                      "Column": {
                        "Expression": {
                          "SourceRef": {
                            "Entity": "Orders"
                          }
                        },
                        "Property": "Profitability"
                      }
                    },
                    "Right": {
                      "Literal": {
                        "Value": "'Unprofitable'"
                      }
                    }
                  }
                }
              }
            ]
          }
        }
      ]
    },
    "drillFilterOtherVisuals": true
  }
}