{
  "$schema": "https://developer.microsoft.com/json-schemas/fabric/item/report/definition/visualContainer/2.5.0/schema.json",
  "name": "commission_right_table_label",
  "position": {
    "x": 8.13,
    "y": 3.63,
    "z": 10,
    "height": 30,
    "width": 520,
    "tabOrder": 0
  },
  "visual": {
    "visualType": "textbox",
    "objects": {
      "general": [
        {
          "properties": {
            "paragraphs": [
              {
                "textRuns": [
                  {
                    "value": "Total Compensation with These Assumptions",
                    "textStyle": {
                      "fontSize": "10pt"
                    }
                  }
                ]
              }
            ]
          }
        }
      ]
    },
    "drillFilterOtherVisuals": true
  }
}