{
  "$schema": "https://developer.microsoft.com/json-schemas/fabric/item/report/definition/visualContainer/2.5.0/schema.json",
  "name": "card_profit",
  "position": {
    "x": 230,
    "y": 45,
    "z": 0,
    "height": 80,
    "width": 200,
    "tabOrder": 1
  },
  "visual": {
    "visualType": "card",
    "query": {
      "queryState": {
        "Values": {
          "projections": [
            {
              "field": {
                "Measure": {
                  "Expression": {
                    "SourceRef": {
                      "Entity": "Orders"
                    }
                  },
                  "Property": "Total Profit"
                }
              },
              "queryRef": "Orders.Total Profit",
              "nativeQueryRef": "Total Profit"
            }
          ]
        }
      }
    },
    "drillFilterOtherVisuals": true,
    "autoSelectVisualType": true
  }
}