{
  "$schema": "https://developer.microsoft.com/json-schemas/fabric/item/report/definition/visualContainer/2.5.0/schema.json",
  "name": "8cc53e80311b1bc9",
  "position": {
    "x": 0,
    "y": 87.02,
    "z": 4,
    "height": 59.18,
    "width": 1280,
    "tabOrder": 4
  },
  "visual": {
    "visualType": "card",
    "autoSelectVisualType": true,
    "query": {
      "queryState": {
        "Values": {
          "projections": [
            {
              "field": {
                "Column": {
                  "Expression": {
                    "SourceRef": {
                      "Entity": "Sales Commission"
                    }
                  },
                  "Property": "OTE (Variable)"
                }
              },
              "queryRef": "Sales Commission.OTE (Variable)",
              "nativeQueryRef": "OTE (Variable)"
            }
          ]
        }
      }
    },
    "drillFilterOtherVisuals": true
  }
}