{
  "$schema": "https://developer.microsoft.com/json-schemas/fabric/item/report/definition/visualContainer/2.3.0/schema.json",
  "name": "f4e5d6c7b8a9c0d1",
  "position": {
    "x": 784.46119402985073,
    "y": 50.188059701492534,
    "z": 0,
    "height": 89.465671641791047,
    "width": 200.75223880597014
  },
  "visual": {
    "visualType": "card",
    "autoSelectVisualType": true,
    "query": {
      "queryState": {
        "Values": {
          "projections": [
            {
              "field": {
                "Measure": {
                  "Expression": {
                    "SourceRef": {
                      "Entity": "Orders"
                    }
                  },
                  "Property": "Sales per Customer"
                }
              },
              "queryRef": "Orders.Sales per Customer",
              "nativeQueryRef": "Sales per Customer"
            }
          ]
        }
      }
    },
    "drillFilterOtherVisuals": true
  },
  "filterConfig": {
    "filters": [
      {
        "name": "f8d05f0cf78c49a59166",
        "field": {
          "Measure": {
            "Expression": {
              "SourceRef": {
                "Entity": "Orders"
              }
            },
            "Property": "Sales per Customer"
          }
        },
        "type": "Advanced"
      }
    ]
  }
}