{
  "$schema": "https://developer.microsoft.com/json-schemas/fabric/item/report/definition/visualContainer/2.5.0/schema.json",
  "name": "9cd7e65069c62a17",
  "position": {
    "x": 240,
    "y": 40,
    "z": 8,
    "height": 40,
    "width": 180,
    "tabOrder": 8
  },
  "visual": {
    "visualType": "slicer",
    "query": {
      "queryState": {
        "Values": {
          "projections": [
            {
              "field": {
                "Column": {
                  "Expression": {
                    "SourceRef": {
                      "Entity": "Sample - Superstore"
                    }
                  },
                  "Property": "Region"
                }
              },
              "queryRef": "Sample - Superstore.Region",
              "nativeQueryRef": "Region",
              "active": true
            }
          ]
        }
      }
    },
    "drillFilterOtherVisuals": true,
    "autoSelectVisualType": true
  }
}