{
  "$schema": "https://developer.microsoft.com/json-schemas/fabric/item/report/definition/visualContainer/2.3.0/schema.json",
  "name": "b761f216a50c9ff2",
  "position": {
    "x": 1120.5029850746268,
    "y": 196.38805970149252,
    "z": 3,
    "height": 36.004477611940295,
    "width": 159.29253731343283,
    "tabOrder": 3
  },
  "visual": {
    "visualType": "slicer",
    "autoSelectVisualType": true,
    "query": {
      "queryState": {
        "Values": {
          "projections": [
            {
              "field": {
                "Column": {
                  "Expression": {
                    "SourceRef": {
                      "Entity": "Sample - Superstore"
                    }
                  },
                  "Property": "Region"
                }
              },
              "queryRef": "Sample - Superstore.Region",
              "nativeQueryRef": "Region",
              "active": true
            }
          ]
        }
      }
    },
    "drillFilterOtherVisuals": true
  },
  "filterConfig": {
    "filters": [
      {
        "name": "a1e4f8f1319688d485b7",
        "field": {
          "Column": {
            "Expression": {
              "SourceRef": {
                "Entity": "Sample - Superstore"
              }
            },
            "Property": "Region"
          }
        },
        "type": "Categorical"
      }
    ]
  }
}