{
  "$schema": "https://developer.microsoft.com/json-schemas/fabric/item/report/definition/visualContainer/2.5.0/schema.json",
  "name": "985d74a8fddf7862",
  "position": {
    "x": 862.83,
    "y": 51.28,
    "z": 10,
    "height": 36,
    "width": 160,
    "tabOrder": 10
  },
  "visual": {
    "visualType": "slicer",
    "query": {
      "queryState": {
        "Values": {
          "projections": [
            {
              "field": {
                "Column": {
                  "Expression": {
                    "SourceRef": {
                      "Entity": "Sample - Superstore"
                    }
                  },
                  "Property": "City"
                }
              },
              "queryRef": "Sample - Superstore.City",
              "nativeQueryRef": "City",
              "active": true
            }
          ]
        }
      }
    },
    "drillFilterOtherVisuals": true,
    "autoSelectVisualType": true
  }
}