{
  "$schema": "https://developer.microsoft.com/json-schemas/fabric/item/report/definition/visualContainer/2.5.0/schema.json",
  "name": "9c3a1b2d4e5f6078",
  "position": {
    "x": 20,
    "y": 400,
    "z": 2,
    "width": 610,
    "height": 300,
    "tabOrder": 20
  },
  "visual": {
    "visualType": "areaChart",
    "query": {
      "queryState": {
        "Category": {
          "projections": [
            {
              "field": {
                "Column": {
                  "Expression": {
                    "SourceRef": {
                      "Entity": "Orders"
                    }
                  },
                  "Property": "Order Month"
                }
              },
              "queryRef": "Orders.Order Month",
              "nativeQueryRef": "Order Month",
              "active": true
            }
          ]
        },
        "Series": {
          "projections": [
            {
              "field": {
                "Column": {
                  "Expression": {
                    "SourceRef": {
                      "Entity": "Orders"
                    }
                  },
                  "Property": "Segment"
                }
              },
              "queryRef": "Orders.Segment",
              "nativeQueryRef": "Segment"
            }
          ]
        },
        "Y": {
          "projections": [
            {
              "field": {
                "Aggregation": {
                  "Expression": {
                    "Column": {
                      "Expression": {
                        "SourceRef": {
                          "Entity": "Orders"
                        }
                      },
                      "Property": "Sales"
                    }
                  },
                  "Function": 0
                }
              },
              "queryRef": "Sum(Orders.Sales)",
              "nativeQueryRef": "Sum of Sales"
            }
          ]
        },
        "Legend": {
          "projections": [
            {
              "field": {
                "Column": {
                  "Expression": {
                    "SourceRef": {
                      "Entity": "Orders"
                    }
                  },
                  "Property": "Profitability"
                }
              },
              "queryRef": "Orders.Profitability",
              "nativeQueryRef": "Profitability"
            }
          ]
        }
      },
      "sortDefinition": {
        "sort": [
          {
            "field": {
              "Column": {
                "Expression": {
                  "SourceRef": {
                    "Entity": "Orders"
                  }
                },
                "Property": "Order Date"
              }
            },
            "direction": "Ascending"
          }
        ],
        "isDefaultSort": true
      }
    },
    "drillFilterOtherVisuals": true,
    "autoSelectVisualType": true,
    "objects": {
      "title": [
        {
          "properties": {
            "text": {
              "expr": {
                "Literal": {
                  "Value": "'Monthly Sales by Segment - States/Provinces: All'"
                }
              }
            },
            "show": {
              "expr": {
                "Literal": {
                  "Value": "true"
                }
              }
            }
          }
        }
      ]
    }
  },
  "filterConfig": {
    "filters": [
      {
        "name": "seg_sales_filter",
        "field": {
          "Aggregation": {
            "Expression": {
              "Column": {
                "Expression": {
                  "SourceRef": {
                    "Entity": "Orders"
                  }
                },
                "Property": "Sales"
              }
            },
            "Function": 0
          }
        },
        "type": "Advanced"
      },
      {
        "name": "seg_category_filter",
        "field": {
          "Column": {
            "Expression": {
              "SourceRef": {
                "Entity": "Orders"
              }
            },
            "Property": "Segment"
          }
        },
        "type": "Categorical"
      },
      {
        "name": "seg_date_filter",
        "field": {
          "Column": {
            "Expression": {
              "SourceRef": {
                "Entity": "Orders"
              }
            },
            "Property": "Order Date"
          }
        },
        "type": "Categorical"
      }
    ]
  }
}