{
  "$schema": "https://developer.microsoft.com/json-schemas/fabric/item/report/definition/visualContainer/2.5.0/schema.json",
  "name": "3a70ba8af805a5e6",
  "position": {
    "x": 20,
    "y": 472,
    "z": 1,
    "height": 248,
    "width": 1240,
    "tabOrder": 1
  },
  "visual": {
    "visualType": "tableEx",
    "autoSelectVisualType": true,
    "query": {
      "queryState": {
        "Category": {
          "projections": [
            {
              "field": {
                "Column": {
                  "Expression": {
                    "SourceRef": {
                      "Entity": "Sample - Superstore"
                    }
                  },
                  "Property": "Region"
                }
              },
              "queryRef": "Sample - Superstore.Region",
              "nativeQueryRef": "Region",
              "active": true
            }
          ]
        },
        "Y": {
          "projections": [
            {
              "field": {
                "Aggregation": {
                  "Expression": {
                    "Column": {
                      "Expression": {
                        "SourceRef": {
                          "Entity": "Sample - Superstore"
                        }
                      },
                      "Property": "Sales"
                    }
                  },
                  "Function": 0
                }
              },
              "queryRef": "Sum(Sample - Superstore.Sales)",
              "nativeQueryRef": "Sum of Sales"
            }
          ]
        }
      }
    },
    "drillFilterOtherVisuals": true
  }
}