{
  "$schema": "https://developer.microsoft.com/json-schemas/fabric/item/report/definition/visualContainer/2.3.0/schema.json",
  "name": "cat_label_technology",
  "position": {
    "x": 644.80746268656719,
    "y": 639.35223880597016,
    "z": 10,
    "height": 31.640298507462685,
    "width": 89.465671641791047
  },
  "visual": {
    "visualType": "textbox",
    "objects": {
      "general": [
        {
          "properties": {
            "paragraphs": [
              {
                "textRuns": [
                  {
                    "value": "Technology",
                    "textStyle": {
                      "fontSize": "10pt"
                    }
                  }
                ]
              }
            ]
          }
        }
      ]
    },
    "drillFilterOtherVisuals": true
  }
}