{
  "$schema": "https://developer.microsoft.com/json-schemas/fabric/item/report/definition/visualContainer/2.5.0/schema.json",
  "name": "383f503322c647a5",
  "position": {
    "x": 9,
    "y": 40,
    "z": 3,
    "height": 120,
    "width": 1262,
    "tabOrder": 3
  },
  "visual": {
    "visualType": "matrix",
    "autoSelectVisualType": true,
    "query": {
      "queryState": {
        "Values": {
          "projections": [
            {
              "field": {
                "Column": {
                  "Expression": {
                    "SourceRef": {
                      "Entity": "Sample - Superstore"
                    }
                  },
                  "Property": "Region"
                }
              },
              "queryRef": "Sample - Superstore.Region",
              "nativeQueryRef": "Region"
            },
            {
              "field": {
                "Column": {
                  "Expression": {
                    "SourceRef": {
                      "Entity": "Sample - Superstore"
                    }
                  },
                  "Property": "Sales"
                }
              },
              "queryRef": "Sample - Superstore.Sales",
              "nativeQueryRef": "Sales"
            },
            {
              "field": {
                "Column": {
                  "Expression": {
                    "SourceRef": {
                      "Entity": "Sample - Superstore"
                    }
                  },
                  "Property": "Quantity"
                }
              },
              "queryRef": "Sample - Superstore.Quantity",
              "nativeQueryRef": "Quantity"
            },
            {
              "field": {
                "Column": {
                  "Expression": {
                    "SourceRef": {
                      "Entity": "Sample - Superstore"
                    }
                  },
                  "Property": "Profit"
                }
              },
              "queryRef": "Sample - Superstore.Profit",
              "nativeQueryRef": "Profit"
            }
          ]
        }
      }
    },
    "drillFilterOtherVisuals": true
  }
}