{
  "$schema": "https://developer.microsoft.com/json-schemas/fabric/item/report/definition/visualContainer/2.5.0/schema.json",
  "name": "383f503322c647a5",
  "position": {
    "x": 9,
    "y": 528,
    "z": 3,
    "height": 200,
    "width": 1262,
    "tabOrder": 3
  },
  "visual": {
    "visualType": "tableEx",
    "query": {
      "queryState": {
        "Values": {
          "projections": []
        }
      }
    },
    "drillFilterOtherVisuals": true,
    "autoSelectVisualType": true,
    "objects": {
      "title": [
        {
          "properties": {
            "text": {
              "expr": {
                "Literal": {
                  "Value": "'CustomerOverview'"
                }
              }
            },
            "show": {
              "expr": {
                "Literal": {
                  "Value": "true"
                }
              }
            }
          }
        }
      ]
    }
  }
}