{
  "$schema": "https://developer.microsoft.com/json-schemas/fabric/item/report/definition/visualContainer/2.5.0/schema.json",
  "name": "1f3a1e3706091c3a",
  "position": {
    "x": 0,
    "y": 0,
    "z": 0,
    "height": 40,
    "width": 1280,
    "tabOrder": 0
  },
  "visual": {
    "visualType": "textbox",
    "objects": {
      "general": [
        {
          "properties": {
            "paragraphs": [
              {
                "textRuns": [
                  {
                    "value": "Customers",
                    "textStyle": {
                      "fontWeight": "bold",
                      "fontSize": "18pt"
                    }
                  }
                ]
              }
            ]
          }
        }
      ]
    },
    "drillFilterOtherVisuals": true
  }
}