{
  "version": "1.1.0",
  "diagrams": [
    {
      "ordinal": 0,
      "scrollPosition": {
        "x": 0,
        "y": 0
      },
      "nodes": [
        {
          "location": {
            "x": 0,
            "y": 0
          },
          "nodeIndex": "Orders",
          "nodeLineageTag": "a4242067-c9a5-4e08-a523-6237dc6d3627",
          "size": {
            "height": 300,
            "width": 234
          },
          "zIndex": 0
        },
        {
          "location": {
            "x": 284,
            "y": 38
          },
          "nodeIndex": "Parameters",
          "nodeLineageTag": "1c022b05-8739-4fd5-8b70-483988f6d0af",
          "size": {
            "height": 224,
            "width": 234
          },
          "zIndex": 0
        },
        {
          "location": {
            "x": 568,
            "y": 0
          },
          "nodeIndex": "Sales Commission",
          "nodeLineageTag": "118a3365-83cd-42d6-8c96-4d96be64e96b",
          "size": {
            "height": 300,
            "width": 234
          },
          "zIndex": 0
        },
        {
          "location": {
            "x": 852,
            "y": 62
          },
          "nodeIndex": "Sales Target",
          "nodeLineageTag": "cb353314-c6d3-4e5e-9fc4-aad22a649dc5",
          "size": {
            "height": 176,
            "width": 234
          },
          "zIndex": 0
        },
        {
          "location": {
            "x": 1136,
            "y": 0
          },
          "nodeIndex": "Sample - Superstore",
          "nodeLineageTag": "bcf22cb2-f284-4f97-bf23-d8e41661a879",
          "size": {
            "height": 300,
            "width": 234
          },
          "zIndex": 0
        }
      ],
      "name": "All tables",
      "zoomValue": 100,
      "pinKeyFieldsToTop": false,
      "showExtraHeaderInfo": false,
      "hideKeyFieldsWhenCollapsed": false,
      "tablesLocked": false
    }
  ],
  "selectedDiagram": "All tables",
  "defaultDiagram": "All tables"
}