{
  "$schema": "https://developer.microsoft.com/json-schemas/fabric/item/report/definition/visualContainer/2.5.0/schema.json",
  "name": "9e8b1dd7b5d003d4",
  "position": {
    "x": 900,
    "y": 40,
    "z": 11,
    "height": 40,
    "width": 180,
    "tabOrder": 11
  },
  "visual": {
    "visualType": "slicer",
    "query": {
      "queryState": {
        "Values": {
          "projections": [
            {
              "field": {
                "Column": {
                  "Expression": {
                    "SourceRef": {
                      "Entity": "Sample - Superstore"
                    }
                  },
                  "Property": "Category"
                }
              },
              "queryRef": "Sample - Superstore.Category",
              "nativeQueryRef": "Category",
              "active": true
            }
          ]
        }
      }
    },
    "drillFilterOtherVisuals": true,
    "autoSelectVisualType": true
  }
}