{
  "$schema": "https://developer.microsoft.com/json-schemas/fabric/item/report/definition/visualContainer/2.5.0/schema.json",
  "name": "398c84457fe70058",
  "position": {
    "x": 4,
    "y": 150.2,
    "z": 2,
    "height": 174.93,
    "width": 1272,
    "tabOrder": 2
  },
  "visual": {
    "visualType": "stackedAreaChart",
    "autoSelectVisualType": true,
    "query": {
      "queryState": {
        "Category": {
          "projections": [
            {
              "field": {
                "Column": {
                  "Expression": {
                    "SourceRef": {
                      "Entity": "Orders"
                    }
                  },
                  "Property": "Category"
                }
              },
              "queryRef": "Orders.Category",
              "nativeQueryRef": "Category",
              "active": true
            }
          ]
        },
        "Y": {
          "projections": [
            {
              "field": {
                "Aggregation": {
                  "Expression": {
                    "Column": {
                      "Expression": {
                        "SourceRef": {
                          "Entity": "Orders"
                        }
                      },
                      "Property": "Sales"
                    }
                  },
                  "Function": 0
                }
              },
              "queryRef": "Sum(Orders.Sales)",
              "nativeQueryRef": "Sum of Sales"
            }
          ]
        }
      }
    },
    "drillFilterOtherVisuals": true
  }
}