{
  "$schema": "https://developer.microsoft.com/json-schemas/fabric/item/report/definition/visualContainer/2.3.0/schema.json",
  "name": "slicer_region",
  "position": {
    "x": 1157.5985074626865,
    "y": 147.29104477611941,
    "z": 5,
    "height": 77.464179104477608,
    "width": 105.83134328358209
  },
  "visual": {
    "visualType": "slicer",
    "query": {
      "queryState": {
        "Values": {
          "projections": [
            {
              "field": {
                "Column": {
                  "Expression": {
                    "SourceRef": {
                      "Entity": "Orders"
                    }
                  },
                  "Property": "Region"
                }
              },
              "queryRef": "Orders.Region",
              "nativeQueryRef": "Region",
              "active": true
            }
          ]
        }
      }
    },
    "objects": {
      "data": [
        {
          "properties": {
            "mode": {
              "expr": {
                "Literal": {
                  "Value": "'Dropdown'"
                }
              }
            }
          }
        }
      ],
      "general": [
        {
          "properties": {}
        }
      ],
      "header": [
        {
          "properties": {
            "show": {
              "expr": {
                "Literal": {
                  "Value": "true"
                }
              }
            }
          }
        }
      ]
    },
    "drillFilterOtherVisuals": true
  },
  "filterConfig": {
    "filters": [
      {
        "name": "31c5b08bf9661683958a",
        "field": {
          "Column": {
            "Expression": {
              "SourceRef": {
                "Entity": "Orders"
              }
            },
            "Property": "Region"
          }
        },
        "type": "Categorical"
      }
    ]
  }
}