{
  "$schema": "https://developer.microsoft.com/json-schemas/fabric/item/report/definition/visualContainer/2.5.0/schema.json",
  "name": "f03da5c335de8c92",
  "position": {
    "x": 572.54,
    "y": 199.29,
    "z": 2,
    "height": 523.44,
    "width": 547.25,
    "tabOrder": 2
  },
  "visual": {
    "visualType": "barChart",
    "query": {
      "queryState": {
        "Category": {
          "projections": [
            {
              "field": {
                "Column": {
                  "Expression": {
                    "SourceRef": {
                      "Entity": "Sample - Superstore"
                    }
                  },
                  "Property": "Customer Name"
                }
              },
              "queryRef": "Sample - Superstore.Customer Name",
              "nativeQueryRef": "Customer Name",
              "active": true
            }
          ]
        },
        "Y": {
          "projections": [
            {
              "field": {
                "Aggregation": {
                  "Expression": {
                    "Column": {
                      "Expression": {
                        "SourceRef": {
                          "Entity": "Sample - Superstore"
                        }
                      },
                      "Property": "Sales"
                    }
                  },
                  "Function": 0
                }
              },
              "queryRef": "Sum(Sample - Superstore.Sales)",
              "nativeQueryRef": "Sum of Sales"
            }
          ]
        }
      }
    },
    "objects": {
      "dataPoint": [
        {
          "properties": {
            "fill": {
              "solid": {
                "color": {
                  "expr": {
                    "Literal": {
                      "Value": "'#e15759'"
                    }
                  }
                }
              }
            }
          }
        }
      ]
    },
    "drillFilterOtherVisuals": true
  }
}