{
  "$schema": "https://developer.microsoft.com/json-schemas/fabric/item/report/definition/visualContainer/2.5.0/schema.json",
  "name": "b3b51b161d8222d9",
  "position": {
    "x": 6,
    "y": 107,
    "z": 1,
    "height": 638,
    "width": 1268,
    "tabOrder": 1
  },
  "visual": {
    "visualType": "tableEx",
    "query": {
      "queryState": {
        "Values": {
          "projections": [
            {
              "field": {
                "Column": {
                  "Expression": {
                    "SourceRef": {
                      "Entity": "Orders"
                    }
                  },
                  "Property": "Days to Ship Scheduled"
                }
              },
              "queryRef": "Orders.Days to Ship Scheduled",
              "nativeQueryRef": "Days to Ship Scheduled"
            },
            {
              "field": {
                "Column": {
                  "Expression": {
                    "SourceRef": {
                      "Entity": "Orders"
                    }
                  },
                  "Property": "Days to Ship Actual"
                }
              },
              "queryRef": "Orders.Days to Ship Actual",
              "nativeQueryRef": "Days to Ship Actual"
            }
          ]
        }
      }
    },
    "drillFilterOtherVisuals": true,
    "autoSelectVisualType": true,
    "objects": {
      "title": [
        {
          "properties": {
            "text": {
              "expr": {
                "Literal": {
                  "Value": "'Product Detail Sheet'"
                }
              }
            },
            "show": {
              "expr": {
                "Literal": {
                  "Value": "true"
                }
              }
            }
          }
        }
      ]
    }
  }
}