{
  "$schema": "https://developer.microsoft.com/json-schemas/fabric/item/report/definition/visualContainer/2.5.0/schema.json",
  "name": "b44a77307cfe456c",
  "position": {
    "x": 8.13,
    "y": 17.69,
    "z": 0,
    "height": 30,
    "width": 600,
    "tabOrder": 0
  },
  "visual": {
    "visualType": "textbox",
    "objects": {
      "general": [
        {
          "properties": {
            "paragraphs": [
              {
                "textRuns": [
                  {
                    "value": "Shipping",
                    "textStyle": {
                      "fontWeight": "bold",
                      "fontSize": "18pt"
                    }
                  }
                ]
              }
            ]
          }
        }
      ]
    },
    "drillFilterOtherVisuals": true
  }
}