{
  "$schema": "https://developer.microsoft.com/json-schemas/fabric/item/report/definition/visualContainer/2.5.0/schema.json",
  "name": "528bc4bc381542e0",
  "position": {
    "x": 20,
    "y": 60,
    "z": 1,
    "height": 600,
    "width": 1240,
    "tabOrder": 1
  },
  "visual": {
    "visualType": "lineChart",
    "query": {
      "queryState": {
        "Category": {
          "projections": [
            {
              "field": {
                "Column": {
                  "Expression": {
                    "SourceRef": {
                      "Entity": "Orders"
                    }
                  },
                  "Property": "Order Month"
                }
              },
              "queryRef": "Orders.Order Month",
              "nativeQueryRef": "Order Month",
              "active": true
            }
          ]
        },
        "Series": {
          "projections": [
            {
              "field": {
                "Column": {
                  "Expression": {
                    "SourceRef": {
                      "Entity": "Orders"
                    }
                  },
                  "Property": "Segment"
                }
              },
              "queryRef": "Orders.Segment",
              "nativeQueryRef": "Segment"
            }
          ]
        },
        "Y": {
          "projections": [
            {
              "field": {
                "Aggregation": {
                  "Expression": {
                    "Column": {
                      "Expression": {
                        "SourceRef": {
                          "Entity": "Orders"
                        }
                      },
                      "Property": "Sales"
                    }
                  },
                  "Function": 0
                }
              },
              "queryRef": "Sum(Orders.Sales)",
              "nativeQueryRef": "Sum of Sales"
            }
          ]
        }
      },
      "sortDefinition": {
        "sort": [
          {
            "field": {
              "Column": {
                "Expression": {
                  "SourceRef": {
                    "Entity": "Orders"
                  }
                },
                "Property": "Order Month"
              }
            },
            "direction": "Ascending"
          }
        ],
        "isDefaultSort": true
      }
    },
    "drillFilterOtherVisuals": true,
    "autoSelectVisualType": true,
    "objects": {
      "title": [
        {
          "properties": {
            "text": {
              "expr": {
                "Literal": {
                  "Value": "'Sales Forecast'"
                }
              }
            },
            "show": {
              "expr": {
                "Literal": {
                  "Value": "true"
                }
              }
            }
          }
        }
      ]
    }
  }
}