{
  "$schema": "https://developer.microsoft.com/json-schemas/fabric/item/report/definition/visualContainer/2.3.0/schema.json",
  "name": "d2c3b4a596877665",
  "position": {
    "x": 373.13731343283581,
    "y": 40.36865671641791,
    "z": 0,
    "height": 89.465671641791047,
    "width": 200.75223880597014
  },
  "visual": {
    "visualType": "card",
    "autoSelectVisualType": true,
    "query": {
      "queryState": {
        "Values": {
          "projections": [
            {
              "field": {
                "Measure": {
                  "Expression": {
                    "SourceRef": {
                      "Entity": "Orders"
                    }
                  },
                  "Property": "Profit Ratio"
                }
              },
              "queryRef": "Orders.Profit Ratio",
              "nativeQueryRef": "Profit Ratio"
            }
          ]
        }
      }
    },
    "drillFilterOtherVisuals": true
  },
  "filterConfig": {
    "filters": [
      {
        "name": "690e831796a6c623897d",
        "field": {
          "Measure": {
            "Expression": {
              "SourceRef": {
                "Entity": "Orders"
              }
            },
            "Property": "Profit Ratio"
          }
        },
        "type": "Advanced"
      }
    ]
  }
}