{
  "$schema": "https://developer.microsoft.com/json-schemas/fabric/item/report/definition/visualContainer/2.3.0/schema.json",
  "name": "e3d4c5b6a7988776",
  "position": {
    "x": 564.0701492537313,
    "y": 40.36865671641791,
    "z": 0,
    "height": 89.465671641791047,
    "width": 199.66119402985075
  },
  "visual": {
    "visualType": "card",
    "autoSelectVisualType": true,
    "query": {
      "queryState": {
        "Values": {
          "projections": [
            {
              "field": {
                "Measure": {
                  "Expression": {
                    "SourceRef": {
                      "Entity": "Orders"
                    }
                  },
                  "Property": "Profit per Order"
                }
              },
              "queryRef": "Orders.Profit per Order",
              "nativeQueryRef": "Profit per Order"
            }
          ]
        }
      }
    },
    "drillFilterOtherVisuals": true
  },
  "filterConfig": {
    "filters": [
      {
        "name": "79c1cc67630375e3b737",
        "field": {
          "Measure": {
            "Expression": {
              "SourceRef": {
                "Entity": "Orders"
              }
            },
            "Property": "Profit per Order"
          }
        },
        "type": "Advanced"
      }
    ]
  }
}